[
{
  "model": "contenttypes.contenttype",
  "pk": 1,
  "fields": {
    "app_label": "admin",
    "model": "logentry"
  }
},
{
  "model": "contenttypes.contenttype",
  "pk": 2,
  "fields": {
    "app_label": "auth",
    "model": "permission"
  }
},
{
  "model": "contenttypes.contenttype",
  "pk": 3,
  "fields": {
    "app_label": "auth",
    "model": "group"
  }
},
{
  "model": "contenttypes.contenttype",
  "pk": 4,
  "fields": {
    "app_label": "contenttypes",
    "model": "contenttype"
  }
},
{
  "model": "contenttypes.contenttype",
  "pk": 5,
  "fields": {
    "app_label": "sessions",
    "model": "session"
  }
},
{
  "model": "contenttypes.contenttype",
  "pk": 6,
  "fields": {
    "app_label": "authtoken",
    "model": "token"
  }
},
{
  "model": "contenttypes.contenttype",
  "pk": 7,
  "fields": {
    "app_label": "django_rest_passwordreset",
    "model": "resetpasswordtoken"
  }
},
{
  "model": "contenttypes.contenttype",
  "pk": 8,
  "fields": {
    "app_label": "accounts",
    "model": "user"
  }
},
{
  "model": "contenttypes.contenttype",
  "pk": 9,
  "fields": {
    "app_label": "api",
    "model": "category"
  }
},
{
  "model": "contenttypes.contenttype",
  "pk": 10,
  "fields": {
    "app_label": "api",
    "model": "contact"
  }
},
{
  "model": "contenttypes.contenttype",
  "pk": 11,
  "fields": {
    "app_label": "api",
    "model": "order"
  }
},
{
  "model": "contenttypes.contenttype",
  "pk": 12,
  "fields": {
    "app_label": "api",
    "model": "parameter"
  }
},
{
  "model": "contenttypes.contenttype",
  "pk": 13,
  "fields": {
    "app_label": "api",
    "model": "product"
  }
},
{
  "model": "contenttypes.contenttype",
  "pk": 14,
  "fields": {
    "app_label": "api",
    "model": "productinfo"
  }
},
{
  "model": "contenttypes.contenttype",
  "pk": 15,
  "fields": {
    "app_label": "api",
    "model": "shop"
  }
},
{
  "model": "contenttypes.contenttype",
  "pk": 16,
  "fields": {
    "app_label": "api",
    "model": "productparameter"
  }
},
{
  "model": "contenttypes.contenttype",
  "pk": 17,
  "fields": {
    "app_label": "api",
    "model": "orderitem"
  }
},
{
  "model": "contenttypes.contenttype",
  "pk": 18,
  "fields": {
    "app_label": "api",
    "model": "confirmemailtoken"
  }
},
{
  "model": "sessions.session",
  "pk": "1u0e811tpkffhkh24d81ynl2jqemfro1",
  "fields": {
    "session_data": "OGZjNTM1MGY4MWI0MWIyMzcyNGM2OTJkMDA2YzVmZTg2NzIyNTk5NTp7Il9hdXRoX3VzZXJfaWQiOiIxIiwiX2F1dGhfdXNlcl9iYWNrZW5kIjoiZGphbmdvLmNvbnRyaWIuYXV0aC5iYWNrZW5kcy5Nb2RlbEJhY2tlbmQiLCJfYXV0aF91c2VyX2hhc2giOiJiZWI2YWJhMjNiNGI1ZTViYTM5ODNlMmFmNTA5MzFjYzVhOGM5MTUzIn0=",
    "expire_date": "2020-10-15T10:45:26.456Z"
  }
},
{
  "model": "sessions.session",
  "pk": "eaojummazepl740tug3ic2bzepiq1cix",
  "fields": {
    "session_data": "MmMzNzMxZGJkMmRkM2JlMDBhZWQ0YzdiYmUzZDhjOWZmYjJkZjFmNzp7Il9hdXRoX3VzZXJfaWQiOiI4IiwiX2F1dGhfdXNlcl9iYWNrZW5kIjoiZGphbmdvLmNvbnRyaWIuYXV0aC5iYWNrZW5kcy5Nb2RlbEJhY2tlbmQiLCJfYXV0aF91c2VyX2hhc2giOiJkNGZhMTY2MzkwNWJlNzEzMDI2NmNlOWEzZWJlZjVmNzNlZmY3NGFjIn0=",
    "expire_date": "2020-10-16T12:30:27.676Z"
  }
},
{
  "model": "sessions.session",
  "pk": "ep4n8fyr93hsjfacykk6ytor0lvazf4k",
  "fields": {
    "session_data": "OGZjNTM1MGY4MWI0MWIyMzcyNGM2OTJkMDA2YzVmZTg2NzIyNTk5NTp7Il9hdXRoX3VzZXJfaWQiOiIxIiwiX2F1dGhfdXNlcl9iYWNrZW5kIjoiZGphbmdvLmNvbnRyaWIuYXV0aC5iYWNrZW5kcy5Nb2RlbEJhY2tlbmQiLCJfYXV0aF91c2VyX2hhc2giOiJiZWI2YWJhMjNiNGI1ZTViYTM5ODNlMmFmNTA5MzFjYzVhOGM5MTUzIn0=",
    "expire_date": "2020-10-14T14:45:21.001Z"
  }
},
{
  "model": "api.category",
  "pk": 1,
  "fields": {
    "name": "\u042d\u043b\u0435\u043a\u0442\u0440\u043e\u043d\u0438\u043a\u0430",
    "shops": [
      1,
      2
    ]
  }
},
{
  "model": "api.category",
  "pk": 2,
  "fields": {
    "name": "\u041f\u0440\u043e\u0434\u0443\u043a\u0442\u044b",
    "shops": [
      3
    ]
  }
},
{
  "model": "api.product",
  "pk": 6,
  "fields": {
    "name": "Xiaomi mi notebook Pro \"15",
    "category": 1
  }
},
{
  "model": "api.product",
  "pk": 7,
  "fields": {
    "name": "Aristone 12-25",
    "category": 1
  }
},
{
  "model": "api.product",
  "pk": 8,
  "fields": {
    "name": "\u0414\u043e\u0448\u0438\u043a \u043e\u0442 \u0434\u0443\u0448\u0438",
    "category": 2
  }
},
{
  "model": "api.product",
  "pk": 9,
  "fields": {
    "name": "Samsung AMOLED 234",
    "category": 1
  }
},
{
  "model": "api.product",
  "pk": 10,
  "fields": {
    "name": "\u041c\u0430\u043a\u0444\u0430 \u0444\u0438\u0433\u0430\u043a\u0432\u0430",
    "category": 2
  }
},
{
  "model": "api.productinfo",
  "pk": 6,
  "fields": {
    "model": "",
    "external_id": 1,
    "product": 10,
    "shop": 3,
    "quantity": 120,
    "price": 23,
    "price_rrc": 34
  }
},
{
  "model": "api.productinfo",
  "pk": 7,
  "fields": {
    "model": "\u041a\u0443\u0440\u0438\u043d\u043d\u044b\u0439",
    "external_id": 2,
    "product": 8,
    "shop": 3,
    "quantity": 34,
    "price": 12,
    "price_rrc": 34
  }
},
{
  "model": "api.productinfo",
  "pk": 8,
  "fields": {
    "model": "",
    "external_id": 3,
    "product": 6,
    "shop": 1,
    "quantity": 7,
    "price": 70000,
    "price_rrc": 75000
  }
},
{
  "model": "api.productinfo",
  "pk": 9,
  "fields": {
    "model": "1212",
    "external_id": 4,
    "product": 9,
    "shop": 2,
    "quantity": 12,
    "price": 23000,
    "price_rrc": 32000
  }
},
{
  "model": "api.productinfo",
  "pk": 10,
  "fields": {
    "model": "",
    "external_id": 5,
    "product": 7,
    "shop": 2,
    "quantity": 4,
    "price": 30000,
    "price_rrc": 35000
  }
},
{
  "model": "api.parameter",
  "pk": 1,
  "fields": {
    "name": "\u0414\u0438\u0430\u0433\u043e\u043d\u0430\u043b\u044c"
  }
},
{
  "model": "api.parameter",
  "pk": 2,
  "fields": {
    "name": "\u0412\u0435\u0441"
  }
},
{
  "model": "api.parameter",
  "pk": 3,
  "fields": {
    "name": "\u041c\u0430\u0442\u0435\u0440\u0438\u0430\u043b"
  }
},
{
  "model": "api.parameter",
  "pk": 4,
  "fields": {
    "name": "\u0412\u043a\u0443\u0441"
  }
},
{
  "model": "api.parameter",
  "pk": 5,
  "fields": {
    "name": "\u0418\u0437\u0433\u043e\u0442\u043e\u0432\u0438\u0442\u0435\u043b\u044c"
  }
},
{
  "model": "api.parameter",
  "pk": 6,
  "fields": {
    "name": "\u0421\u0442\u0440\u0430\u043d\u0430"
  }
},
{
  "model": "api.parameter",
  "pk": 7,
  "fields": {
    "name": "\u0412\u0440\u0435\u043c\u044f \u0440\u0430\u0431\u043e\u0442\u044b \u043e\u0442 \u0431\u0430\u0442\u0430\u0440\u0435\u0438"
  }
},
{
  "model": "api.parameter",
  "pk": 8,
  "fields": {
    "name": "\u0412\u044b\u0441\u043e\u0442\u0430"
  }
},
{
  "model": "api.parameter",
  "pk": 9,
  "fields": {
    "name": "\u0428\u0438\u0440\u0438\u043d\u0430"
  }
},
{
  "model": "api.parameter",
  "pk": 10,
  "fields": {
    "name": "\u0422\u043e\u043b\u0449\u0438\u043d\u0430"
  }
},
{
  "model": "api.productparameter",
  "pk": 1,
  "fields": {
    "product_info": 6,
    "parameter": 2,
    "value": "1 \u043a\u0433"
  }
},
{
  "model": "api.productparameter",
  "pk": 2,
  "fields": {
    "product_info": 6,
    "parameter": 6,
    "value": "\u0420\u043e\u0441\u0441\u0438\u044f"
  }
},
{
  "model": "api.productparameter",
  "pk": 3,
  "fields": {
    "product_info": 7,
    "parameter": 6,
    "value": "\u0420\u043e\u0441\u0441\u0438\u044f"
  }
},
{
  "model": "api.productparameter",
  "pk": 4,
  "fields": {
    "product_info": 8,
    "parameter": 5,
    "value": "Xiaomi"
  }
},
{
  "model": "api.productparameter",
  "pk": 5,
  "fields": {
    "product_info": 8,
    "parameter": 1,
    "value": "15 \u0434\u044e\u0439\u043c\u043e\u0432"
  }
},
{
  "model": "api.productparameter",
  "pk": 6,
  "fields": {
    "product_info": 8,
    "parameter": 6,
    "value": "\u041a\u0438\u0442\u0430\u0439"
  }
},
{
  "model": "api.productparameter",
  "pk": 7,
  "fields": {
    "product_info": 9,
    "parameter": 1,
    "value": "100500"
  }
},
{
  "model": "api.productparameter",
  "pk": 8,
  "fields": {
    "product_info": 10,
    "parameter": 8,
    "value": "2 m"
  }
},
{
  "model": "auth.permission",
  "pk": 1,
  "fields": {
    "name": "Can add log entry",
    "content_type": 1,
    "codename": "add_logentry"
  }
},
{
  "model": "auth.permission",
  "pk": 2,
  "fields": {
    "name": "Can change log entry",
    "content_type": 1,
    "codename": "change_logentry"
  }
},
{
  "model": "auth.permission",
  "pk": 3,
  "fields": {
    "name": "Can delete log entry",
    "content_type": 1,
    "codename": "delete_logentry"
  }
},
{
  "model": "auth.permission",
  "pk": 4,
  "fields": {
    "name": "Can view log entry",
    "content_type": 1,
    "codename": "view_logentry"
  }
},
{
  "model": "auth.permission",
  "pk": 5,
  "fields": {
    "name": "Can add permission",
    "content_type": 2,
    "codename": "add_permission"
  }
},
{
  "model": "auth.permission",
  "pk": 6,
  "fields": {
    "name": "Can change permission",
    "content_type": 2,
    "codename": "change_permission"
  }
},
{
  "model": "auth.permission",
  "pk": 7,
  "fields": {
    "name": "Can delete permission",
    "content_type": 2,
    "codename": "delete_permission"
  }
},
{
  "model": "auth.permission",
  "pk": 8,
  "fields": {
    "name": "Can view permission",
    "content_type": 2,
    "codename": "view_permission"
  }
},
{
  "model": "auth.permission",
  "pk": 9,
  "fields": {
    "name": "Can add group",
    "content_type": 3,
    "codename": "add_group"
  }
},
{
  "model": "auth.permission",
  "pk": 10,
  "fields": {
    "name": "Can change group",
    "content_type": 3,
    "codename": "change_group"
  }
},
{
  "model": "auth.permission",
  "pk": 11,
  "fields": {
    "name": "Can delete group",
    "content_type": 3,
    "codename": "delete_group"
  }
},
{
  "model": "auth.permission",
  "pk": 12,
  "fields": {
    "name": "Can view group",
    "content_type": 3,
    "codename": "view_group"
  }
},
{
  "model": "auth.permission",
  "pk": 13,
  "fields": {
    "name": "Can add content type",
    "content_type": 4,
    "codename": "add_contenttype"
  }
},
{
  "model": "auth.permission",
  "pk": 14,
  "fields": {
    "name": "Can change content type",
    "content_type": 4,
    "codename": "change_contenttype"
  }
},
{
  "model": "auth.permission",
  "pk": 15,
  "fields": {
    "name": "Can delete content type",
    "content_type": 4,
    "codename": "delete_contenttype"
  }
},
{
  "model": "auth.permission",
  "pk": 16,
  "fields": {
    "name": "Can view content type",
    "content_type": 4,
    "codename": "view_contenttype"
  }
},
{
  "model": "auth.permission",
  "pk": 17,
  "fields": {
    "name": "Can add session",
    "content_type": 5,
    "codename": "add_session"
  }
},
{
  "model": "auth.permission",
  "pk": 18,
  "fields": {
    "name": "Can change session",
    "content_type": 5,
    "codename": "change_session"
  }
},
{
  "model": "auth.permission",
  "pk": 19,
  "fields": {
    "name": "Can delete session",
    "content_type": 5,
    "codename": "delete_session"
  }
},
{
  "model": "auth.permission",
  "pk": 20,
  "fields": {
    "name": "Can view session",
    "content_type": 5,
    "codename": "view_session"
  }
},
{
  "model": "auth.permission",
  "pk": 21,
  "fields": {
    "name": "Can add Token",
    "content_type": 6,
    "codename": "add_token"
  }
},
{
  "model": "auth.permission",
  "pk": 22,
  "fields": {
    "name": "Can change Token",
    "content_type": 6,
    "codename": "change_token"
  }
},
{
  "model": "auth.permission",
  "pk": 23,
  "fields": {
    "name": "Can delete Token",
    "content_type": 6,
    "codename": "delete_token"
  }
},
{
  "model": "auth.permission",
  "pk": 24,
  "fields": {
    "name": "Can view Token",
    "content_type": 6,
    "codename": "view_token"
  }
},
{
  "model": "auth.permission",
  "pk": 25,
  "fields": {
    "name": "Can add Password Reset Token",
    "content_type": 7,
    "codename": "add_resetpasswordtoken"
  }
},
{
  "model": "auth.permission",
  "pk": 26,
  "fields": {
    "name": "Can change Password Reset Token",
    "content_type": 7,
    "codename": "change_resetpasswordtoken"
  }
},
{
  "model": "auth.permission",
  "pk": 27,
  "fields": {
    "name": "Can delete Password Reset Token",
    "content_type": 7,
    "codename": "delete_resetpasswordtoken"
  }
},
{
  "model": "auth.permission",
  "pk": 28,
  "fields": {
    "name": "Can view Password Reset Token",
    "content_type": 7,
    "codename": "view_resetpasswordtoken"
  }
},
{
  "model": "auth.permission",
  "pk": 29,
  "fields": {
    "name": "Can add \u041f\u043e\u043b\u044c\u0437\u043e\u0432\u0430\u0442\u0435\u043b\u044c",
    "content_type": 8,
    "codename": "add_user"
  }
},
{
  "model": "auth.permission",
  "pk": 30,
  "fields": {
    "name": "Can change \u041f\u043e\u043b\u044c\u0437\u043e\u0432\u0430\u0442\u0435\u043b\u044c",
    "content_type": 8,
    "codename": "change_user"
  }
},
{
  "model": "auth.permission",
  "pk": 31,
  "fields": {
    "name": "Can delete \u041f\u043e\u043b\u044c\u0437\u043e\u0432\u0430\u0442\u0435\u043b\u044c",
    "content_type": 8,
    "codename": "delete_user"
  }
},
{
  "model": "auth.permission",
  "pk": 32,
  "fields": {
    "name": "Can view \u041f\u043e\u043b\u044c\u0437\u043e\u0432\u0430\u0442\u0435\u043b\u044c",
    "content_type": 8,
    "codename": "view_user"
  }
},
{
  "model": "auth.permission",
  "pk": 33,
  "fields": {
    "name": "Can add \u041a\u0430\u0442\u0435\u0433\u043e\u0440\u0438\u044f",
    "content_type": 9,
    "codename": "add_category"
  }
},
{
  "model": "auth.permission",
  "pk": 34,
  "fields": {
    "name": "Can change \u041a\u0430\u0442\u0435\u0433\u043e\u0440\u0438\u044f",
    "content_type": 9,
    "codename": "change_category"
  }
},
{
  "model": "auth.permission",
  "pk": 35,
  "fields": {
    "name": "Can delete \u041a\u0430\u0442\u0435\u0433\u043e\u0440\u0438\u044f",
    "content_type": 9,
    "codename": "delete_category"
  }
},
{
  "model": "auth.permission",
  "pk": 36,
  "fields": {
    "name": "Can view \u041a\u0430\u0442\u0435\u0433\u043e\u0440\u0438\u044f",
    "content_type": 9,
    "codename": "view_category"
  }
},
{
  "model": "auth.permission",
  "pk": 37,
  "fields": {
    "name": "Can add \u041a\u043e\u043d\u0442\u0430\u043a\u0442\u044b \u043f\u043e\u043b\u044c\u0437\u043e\u0432\u0430\u0442\u0435\u043b\u044f",
    "content_type": 10,
    "codename": "add_contact"
  }
},
{
  "model": "auth.permission",
  "pk": 38,
  "fields": {
    "name": "Can change \u041a\u043e\u043d\u0442\u0430\u043a\u0442\u044b \u043f\u043e\u043b\u044c\u0437\u043e\u0432\u0430\u0442\u0435\u043b\u044f",
    "content_type": 10,
    "codename": "change_contact"
  }
},
{
  "model": "auth.permission",
  "pk": 39,
  "fields": {
    "name": "Can delete \u041a\u043e\u043d\u0442\u0430\u043a\u0442\u044b \u043f\u043e\u043b\u044c\u0437\u043e\u0432\u0430\u0442\u0435\u043b\u044f",
    "content_type": 10,
    "codename": "delete_contact"
  }
},
{
  "model": "auth.permission",
  "pk": 40,
  "fields": {
    "name": "Can view \u041a\u043e\u043d\u0442\u0430\u043a\u0442\u044b \u043f\u043e\u043b\u044c\u0437\u043e\u0432\u0430\u0442\u0435\u043b\u044f",
    "content_type": 10,
    "codename": "view_contact"
  }
},
{
  "model": "auth.permission",
  "pk": 41,
  "fields": {
    "name": "Can add \u0417\u0430\u043a\u0430\u0437",
    "content_type": 11,
    "codename": "add_order"
  }
},
{
  "model": "auth.permission",
  "pk": 42,
  "fields": {
    "name": "Can change \u0417\u0430\u043a\u0430\u0437",
    "content_type": 11,
    "codename": "change_order"
  }
},
{
  "model": "auth.permission",
  "pk": 43,
  "fields": {
    "name": "Can delete \u0417\u0430\u043a\u0430\u0437",
    "content_type": 11,
    "codename": "delete_order"
  }
},
{
  "model": "auth.permission",
  "pk": 44,
  "fields": {
    "name": "Can view \u0417\u0430\u043a\u0430\u0437",
    "content_type": 11,
    "codename": "view_order"
  }
},
{
  "model": "auth.permission",
  "pk": 45,
  "fields": {
    "name": "Can add \u0418\u043c\u044f \u043f\u0430\u0440\u0430\u043c\u0435\u0442\u0440\u0430",
    "content_type": 12,
    "codename": "add_parameter"
  }
},
{
  "model": "auth.permission",
  "pk": 46,
  "fields": {
    "name": "Can change \u0418\u043c\u044f \u043f\u0430\u0440\u0430\u043c\u0435\u0442\u0440\u0430",
    "content_type": 12,
    "codename": "change_parameter"
  }
},
{
  "model": "auth.permission",
  "pk": 47,
  "fields": {
    "name": "Can delete \u0418\u043c\u044f \u043f\u0430\u0440\u0430\u043c\u0435\u0442\u0440\u0430",
    "content_type": 12,
    "codename": "delete_parameter"
  }
},
{
  "model": "auth.permission",
  "pk": 48,
  "fields": {
    "name": "Can view \u0418\u043c\u044f \u043f\u0430\u0440\u0430\u043c\u0435\u0442\u0440\u0430",
    "content_type": 12,
    "codename": "view_parameter"
  }
},
{
  "model": "auth.permission",
  "pk": 49,
  "fields": {
    "name": "Can add \u041f\u0440\u043e\u0434\u0443\u043a\u0442",
    "content_type": 13,
    "codename": "add_product"
  }
},
{
  "model": "auth.permission",
  "pk": 50,
  "fields": {
    "name": "Can change \u041f\u0440\u043e\u0434\u0443\u043a\u0442",
    "content_type": 13,
    "codename": "change_product"
  }
},
{
  "model": "auth.permission",
  "pk": 51,
  "fields": {
    "name": "Can delete \u041f\u0440\u043e\u0434\u0443\u043a\u0442",
    "content_type": 13,
    "codename": "delete_product"
  }
},
{
  "model": "auth.permission",
  "pk": 52,
  "fields": {
    "name": "Can view \u041f\u0440\u043e\u0434\u0443\u043a\u0442",
    "content_type": 13,
    "codename": "view_product"
  }
},
{
  "model": "auth.permission",
  "pk": 53,
  "fields": {
    "name": "Can add \u0418\u043d\u0444\u043e\u0440\u043c\u0430\u0446\u0438\u044f \u043e \u043f\u0440\u043e\u0434\u0443\u043a\u0442\u0435",
    "content_type": 14,
    "codename": "add_productinfo"
  }
},
{
  "model": "auth.permission",
  "pk": 54,
  "fields": {
    "name": "Can change \u0418\u043d\u0444\u043e\u0440\u043c\u0430\u0446\u0438\u044f \u043e \u043f\u0440\u043e\u0434\u0443\u043a\u0442\u0435",
    "content_type": 14,
    "codename": "change_productinfo"
  }
},
{
  "model": "auth.permission",
  "pk": 55,
  "fields": {
    "name": "Can delete \u0418\u043d\u0444\u043e\u0440\u043c\u0430\u0446\u0438\u044f \u043e \u043f\u0440\u043e\u0434\u0443\u043a\u0442\u0435",
    "content_type": 14,
    "codename": "delete_productinfo"
  }
},
{
  "model": "auth.permission",
  "pk": 56,
  "fields": {
    "name": "Can view \u0418\u043d\u0444\u043e\u0440\u043c\u0430\u0446\u0438\u044f \u043e \u043f\u0440\u043e\u0434\u0443\u043a\u0442\u0435",
    "content_type": 14,
    "codename": "view_productinfo"
  }
},
{
  "model": "auth.permission",
  "pk": 57,
  "fields": {
    "name": "Can add \u041c\u0430\u0433\u0430\u0437\u0438\u043d",
    "content_type": 15,
    "codename": "add_shop"
  }
},
{
  "model": "auth.permission",
  "pk": 58,
  "fields": {
    "name": "Can change \u041c\u0430\u0433\u0430\u0437\u0438\u043d",
    "content_type": 15,
    "codename": "change_shop"
  }
},
{
  "model": "auth.permission",
  "pk": 59,
  "fields": {
    "name": "Can delete \u041c\u0430\u0433\u0430\u0437\u0438\u043d",
    "content_type": 15,
    "codename": "delete_shop"
  }
},
{
  "model": "auth.permission",
  "pk": 60,
  "fields": {
    "name": "Can view \u041c\u0430\u0433\u0430\u0437\u0438\u043d",
    "content_type": 15,
    "codename": "view_shop"
  }
},
{
  "model": "auth.permission",
  "pk": 61,
  "fields": {
    "name": "Can add \u041f\u0430\u0440\u0430\u043c\u0435\u0442\u0440",
    "content_type": 16,
    "codename": "add_productparameter"
  }
},
{
  "model": "auth.permission",
  "pk": 62,
  "fields": {
    "name": "Can change \u041f\u0430\u0440\u0430\u043c\u0435\u0442\u0440",
    "content_type": 16,
    "codename": "change_productparameter"
  }
},
{
  "model": "auth.permission",
  "pk": 63,
  "fields": {
    "name": "Can delete \u041f\u0430\u0440\u0430\u043c\u0435\u0442\u0440",
    "content_type": 16,
    "codename": "delete_productparameter"
  }
},
{
  "model": "auth.permission",
  "pk": 64,
  "fields": {
    "name": "Can view \u041f\u0430\u0440\u0430\u043c\u0435\u0442\u0440",
    "content_type": 16,
    "codename": "view_productparameter"
  }
},
{
  "model": "auth.permission",
  "pk": 65,
  "fields": {
    "name": "Can add \u0417\u0430\u043a\u0430\u0437\u0430\u043d\u043d\u0430\u044f \u043f\u043e\u0437\u0438\u0446\u0438\u044f",
    "content_type": 17,
    "codename": "add_orderitem"
  }
},
{
  "model": "auth.permission",
  "pk": 66,
  "fields": {
    "name": "Can change \u0417\u0430\u043a\u0430\u0437\u0430\u043d\u043d\u0430\u044f \u043f\u043e\u0437\u0438\u0446\u0438\u044f",
    "content_type": 17,
    "codename": "change_orderitem"
  }
},
{
  "model": "auth.permission",
  "pk": 67,
  "fields": {
    "name": "Can delete \u0417\u0430\u043a\u0430\u0437\u0430\u043d\u043d\u0430\u044f \u043f\u043e\u0437\u0438\u0446\u0438\u044f",
    "content_type": 17,
    "codename": "delete_orderitem"
  }
},
{
  "model": "auth.permission",
  "pk": 68,
  "fields": {
    "name": "Can view \u0417\u0430\u043a\u0430\u0437\u0430\u043d\u043d\u0430\u044f \u043f\u043e\u0437\u0438\u0446\u0438\u044f",
    "content_type": 17,
    "codename": "view_orderitem"
  }
},
{
  "model": "auth.permission",
  "pk": 69,
  "fields": {
    "name": "Can add \u0422\u043e\u043a\u0435\u043d \u043f\u043e\u0434\u0442\u0432\u0435\u0440\u0436\u0434\u0435\u043d\u0438\u044f Email",
    "content_type": 18,
    "codename": "add_confirmemailtoken"
  }
},
{
  "model": "auth.permission",
  "pk": 70,
  "fields": {
    "name": "Can change \u0422\u043e\u043a\u0435\u043d \u043f\u043e\u0434\u0442\u0432\u0435\u0440\u0436\u0434\u0435\u043d\u0438\u044f Email",
    "content_type": 18,
    "codename": "change_confirmemailtoken"
  }
},
{
  "model": "auth.permission",
  "pk": 71,
  "fields": {
    "name": "Can delete \u0422\u043e\u043a\u0435\u043d \u043f\u043e\u0434\u0442\u0432\u0435\u0440\u0436\u0434\u0435\u043d\u0438\u044f Email",
    "content_type": 18,
    "codename": "delete_confirmemailtoken"
  }
},
{
  "model": "auth.permission",
  "pk": 72,
  "fields": {
    "name": "Can view \u0422\u043e\u043a\u0435\u043d \u043f\u043e\u0434\u0442\u0432\u0435\u0440\u0436\u0434\u0435\u043d\u0438\u044f Email",
    "content_type": 18,
    "codename": "view_confirmemailtoken"
  }
},
{
  "model": "accounts.user",
  "pk": 1,
  "fields": {
    "password": "pbkdf2_sha256$150000$EWi1GlPtGYyK$dwsqXJ0WjwlqX06x6xczLpRsBFg4tJgoRvLgm+3mFXE=",
    "last_login": "2020-10-02T12:27:30.726Z",
    "is_superuser": true,
    "first_name": "Aleksandr",
    "last_name": "Tikhonov",
    "is_staff": true,
    "date_joined": "2020-09-30T13:31:52Z",
    "email": "admin@test.com",
    "username": "tihon49",
    "company": "\u041d\u0418\u0418\u0421\u0418 \u0420\u0410\u041d",
    "position": "\u0420\u0443\u043a\u043e\u0432\u043e\u0434\u0438\u0442\u0435\u043b\u044c \u043e\u0442\u0434\u0435\u043b\u0430",
    "is_active": true,
    "type": "buyer",
    "groups": [],
    "user_permissions": []
  }
},
{
  "model": "accounts.user",
  "pk": 4,
  "fields": {
    "password": "pbkdf2_sha256$150000$h8gdldHRqgZM$If6lIyPowDTZHNZv3nZjFlOu6VT6qpUOYgc4rUcPpF0=",
    "last_login": "2020-10-02T12:28:55.288Z",
    "is_superuser": false,
    "first_name": "",
    "last_name": "",
    "is_staff": false,
    "date_joined": "2020-10-01T10:29:48Z",
    "email": "buyer1@test.com",
    "username": null,
    "company": "Treasure Hunter",
    "position": "\u0417\u0430\u043a\u0443\u043f\u0449\u0438\u043a \u043a\u0440\u0430\u0434\u0435\u043d\u043e\u0433\u043e",
    "is_active": true,
    "type": "buyer",
    "groups": [],
    "user_permissions": []
  }
},
{
  "model": "accounts.user",
  "pk": 5,
  "fields": {
    "password": "pbkdf2_sha256$150000$VLECCAD9x32X$K5Z3hWzcbPweFOi+RerJQ5wcmstwdVNaV4GEtbfG778=",
    "last_login": "2020-10-02T12:25:02.601Z",
    "is_superuser": false,
    "first_name": "",
    "last_name": "",
    "is_staff": false,
    "date_joined": "2020-10-01T10:46:16Z",
    "email": "shop1@test.com",
    "username": null,
    "company": "\u0421\u0432\u044f\u0437\u043d\u043e\u0439",
    "position": "\u041f\u0440\u043e\u0434\u0430\u0436\u043d\u0438\u043a \u043f\u0440\u043e\u0434\u0430\u0436\u043d\u044b\u0439",
    "is_active": true,
    "type": "shop",
    "groups": [],
    "user_permissions": []
  }
},
{
  "model": "accounts.user",
  "pk": 6,
  "fields": {
    "password": "pbkdf2_sha256$150000$eQjYZ5rhHr35$+N9mWt/lOWCjoPtvXhHNLj/O5atYsfzth2cfT+ISG7c=",
    "last_login": "2020-10-02T12:29:39.496Z",
    "is_superuser": false,
    "first_name": "",
    "last_name": "",
    "is_staff": false,
    "date_joined": "2020-10-02T10:49:10Z",
    "email": "buyer2@test.com",
    "username": null,
    "company": "",
    "position": "",
    "is_active": true,
    "type": "buyer",
    "groups": [],
    "user_permissions": []
  }
},
{
  "model": "accounts.user",
  "pk": 7,
  "fields": {
    "password": "pbkdf2_sha256$150000$WnHmrJrUyOaO$32dR3wN+T9WNAWU34Ato82rcHl+iegoPIjlFG3P2q+U=",
    "last_login": "2020-10-02T12:25:45.565Z",
    "is_superuser": false,
    "first_name": "",
    "last_name": "",
    "is_staff": false,
    "date_joined": "2020-10-02T10:53:24Z",
    "email": "shop2@test.com",
    "username": null,
    "company": "\u041c-\u0432\u0438\u0434\u0435\u043e",
    "position": "\u041c\u0430\u043d\u0430\u0433\u0435\u0440",
    "is_active": true,
    "type": "shop",
    "groups": [],
    "user_permissions": []
  }
},
{
  "model": "accounts.user",
  "pk": 8,
  "fields": {
    "password": "pbkdf2_sha256$150000$68vgaQlDeGqA$Rds5O0v6rQhlES+pLbKluYjOe58TexMBMVigwT/pyjw=",
    "last_login": "2020-10-02T12:30:27.663Z",
    "is_superuser": false,
    "first_name": "",
    "last_name": "",
    "is_staff": false,
    "date_joined": "2020-10-02T11:23:18Z",
    "email": "shop3@test.com",
    "username": null,
    "company": "",
    "position": "",
    "is_active": true,
    "type": "buyer",
    "groups": [],
    "user_permissions": []
  }
},
{
  "model": "api.shop",
  "pk": 1,
  "fields": {
    "name": "\u0421\u0432\u044f\u0437\u043d\u043e\u0439",
    "url": null,
    "user": 5,
    "state": true
  }
},
{
  "model": "api.shop",
  "pk": 2,
  "fields": {
    "name": "\u041c-\u0432\u0438\u0434\u0435\u043e",
    "url": null,
    "user": 7,
    "state": true
  }
},
{
  "model": "api.shop",
  "pk": 3,
  "fields": {
    "name": "\u0422\u0440\u0438\u043d\u0430\u0434\u0446\u0430\u0442\u043a\u0430",
    "url": null,
    "user": 8,
    "state": true
  }
},
{
  "model": "api.contact",
  "pk": 1,
  "fields": {
    "user": 1,
    "city": "Moscow",
    "street": "Nakhimovskiy prospekt",
    "house": "",
    "structure": "",
    "building": "",
    "apartment": "",
    "phone": "88005553535"
  }
},
{
  "model": "authtoken.token",
  "pk": "0e297c4878fc69e3c6840142666e242b712ef16c",
  "fields": {
    "user": 4,
    "created": "2020-10-02T11:05:46.140Z"
  }
},
{
  "model": "authtoken.token",
  "pk": "10ce981d57d6587cb55399eb3cda41fca5ed309d",
  "fields": {
    "user": 6,
    "created": "2020-10-02T11:05:51.630Z"
  }
},
{
  "model": "authtoken.token",
  "pk": "59520d7d06639cdbb9e7513aa9fab9082ebfb2ee",
  "fields": {
    "user": 7,
    "created": "2020-10-02T11:05:16.243Z"
  }
},
{
  "model": "authtoken.token",
  "pk": "eb4328141735e6c69bc839d013b41fba0c2d2363",
  "fields": {
    "user": 5,
    "created": "2020-10-02T11:05:08.358Z"
  }
},
{
  "model": "authtoken.token",
  "pk": "f0729f7193635339364f65218469f1c24b3390ba",
  "fields": {
    "user": 1,
    "created": "2020-09-30T13:32:49.213Z"
  }
},
{
  "model": "admin.logentry",
  "pk": 1,
  "fields": {
    "action_time": "2020-10-01T07:41:21.885Z",
    "user": 1,
    "content_type": 8,
    "object_id": "1",
    "object_repr": "admin@test.com",
    "action_flag": 2,
    "change_message": "[{\"changed\": {\"fields\": [\"first_name\", \"last_name\"]}}]"
  }
},
{
  "model": "admin.logentry",
  "pk": 2,
  "fields": {
    "action_time": "2020-10-01T07:45:47.868Z",
    "user": 1,
    "content_type": 8,
    "object_id": "1",
    "object_repr": "admin@test.com",
    "action_flag": 2,
    "change_message": "[{\"changed\": {\"fields\": [\"username\", \"company\", \"position\", \"type\"]}}]"
  }
},
{
  "model": "admin.logentry",
  "pk": 3,
  "fields": {
    "action_time": "2020-10-01T07:49:34.330Z",
    "user": 1,
    "content_type": 8,
    "object_id": "1",
    "object_repr": "admin@test.com",
    "action_flag": 2,
    "change_message": "[{\"changed\": {\"fields\": [\"type\"]}}]"
  }
},
{
  "model": "admin.logentry",
  "pk": 4,
  "fields": {
    "action_time": "2020-10-01T07:50:24.144Z",
    "user": 1,
    "content_type": 10,
    "object_id": "1",
    "object_repr": "Moscow Nakhimovskiy prospekt ",
    "action_flag": 1,
    "change_message": "[{\"added\": {}}]"
  }
},
{
  "model": "admin.logentry",
  "pk": 5,
  "fields": {
    "action_time": "2020-10-01T10:16:36.725Z",
    "user": 1,
    "content_type": 8,
    "object_id": "2",
    "object_repr": "tihon49@gmail.com",
    "action_flag": 2,
    "change_message": "[{\"changed\": {\"fields\": [\"is_active\", \"is_staff\", \"is_superuser\"]}}]"
  }
},
{
  "model": "admin.logentry",
  "pk": 6,
  "fields": {
    "action_time": "2020-10-01T10:18:27.308Z",
    "user": 1,
    "content_type": 8,
    "object_id": "2",
    "object_repr": "tihon49@gmail.com",
    "action_flag": 2,
    "change_message": "[{\"changed\": {\"fields\": [\"is_active\", \"is_staff\", \"is_superuser\"]}}]"
  }
},
{
  "model": "admin.logentry",
  "pk": 7,
  "fields": {
    "action_time": "2020-10-01T10:18:34.895Z",
    "user": 1,
    "content_type": 8,
    "object_id": "2",
    "object_repr": "tihon49@gmail.com",
    "action_flag": 2,
    "change_message": "[{\"changed\": {\"fields\": [\"is_active\"]}}]"
  }
},
{
  "model": "admin.logentry",
  "pk": 8,
  "fields": {
    "action_time": "2020-10-01T10:30:43.435Z",
    "user": 1,
    "content_type": 8,
    "object_id": "3",
    "object_repr": "test@test.com",
    "action_flag": 3,
    "change_message": ""
  }
},
{
  "model": "admin.logentry",
  "pk": 9,
  "fields": {
    "action_time": "2020-10-01T10:30:43.447Z",
    "user": 1,
    "content_type": 8,
    "object_id": "2",
    "object_repr": "tihon49@gmail.com",
    "action_flag": 3,
    "change_message": ""
  }
},
{
  "model": "admin.logentry",
  "pk": 10,
  "fields": {
    "action_time": "2020-10-01T10:30:55.639Z",
    "user": 1,
    "content_type": 8,
    "object_id": "4",
    "object_repr": "buyer1@test.com",
    "action_flag": 2,
    "change_message": "[{\"changed\": {\"fields\": [\"is_active\"]}}]"
  }
},
{
  "model": "admin.logentry",
  "pk": 11,
  "fields": {
    "action_time": "2020-10-01T10:35:25.419Z",
    "user": 1,
    "content_type": 8,
    "object_id": "4",
    "object_repr": "buyer1@test.com",
    "action_flag": 2,
    "change_message": "[{\"changed\": {\"fields\": [\"company\", \"position\"]}}]"
  }
},
{
  "model": "admin.logentry",
  "pk": 12,
  "fields": {
    "action_time": "2020-10-01T10:46:16.704Z",
    "user": 1,
    "content_type": 8,
    "object_id": "5",
    "object_repr": "shop1@test.com",
    "action_flag": 1,
    "change_message": "[{\"added\": {}}]"
  }
},
{
  "model": "admin.logentry",
  "pk": 13,
  "fields": {
    "action_time": "2020-10-01T10:46:48.874Z",
    "user": 1,
    "content_type": 8,
    "object_id": "5",
    "object_repr": "shop1@test.com",
    "action_flag": 2,
    "change_message": "[{\"changed\": {\"fields\": [\"company\", \"position\", \"type\", \"is_active\"]}}]"
  }
},
{
  "model": "admin.logentry",
  "pk": 14,
  "fields": {
    "action_time": "2020-10-02T10:48:07.277Z",
    "user": 1,
    "content_type": 15,
    "object_id": "1",
    "object_repr": "\u0421\u0432\u044f\u0437\u043d\u043e\u0439",
    "action_flag": 1,
    "change_message": "[{\"added\": {}}]"
  }
},
{
  "model": "admin.logentry",
  "pk": 15,
  "fields": {
    "action_time": "2020-10-02T10:49:54.355Z",
    "user": 1,
    "content_type": 8,
    "object_id": "6",
    "object_repr": "buyer2@test.com",
    "action_flag": 2,
    "change_message": "[{\"changed\": {\"fields\": [\"is_active\"]}}]"
  }
},
{
  "model": "admin.logentry",
  "pk": 16,
  "fields": {
    "action_time": "2020-10-02T11:18:42.371Z",
    "user": 1,
    "content_type": 8,
    "object_id": "7",
    "object_repr": "shop2@test.com",
    "action_flag": 2,
    "change_message": "[{\"changed\": {\"fields\": [\"company\"]}}]"
  }
},
{
  "model": "admin.logentry",
  "pk": 17,
  "fields": {
    "action_time": "2020-10-02T11:18:54.297Z",
    "user": 1,
    "content_type": 8,
    "object_id": "7",
    "object_repr": "shop2@test.com",
    "action_flag": 2,
    "change_message": "[{\"changed\": {\"fields\": [\"company\"]}}]"
  }
},
{
  "model": "admin.logentry",
  "pk": 18,
  "fields": {
    "action_time": "2020-10-02T11:19:51.945Z",
    "user": 1,
    "content_type": 15,
    "object_id": "1",
    "object_repr": "\u0421\u0432\u044f\u0437\u043d\u043e\u0439",
    "action_flag": 2,
    "change_message": "[]"
  }
},
{
  "model": "admin.logentry",
  "pk": 19,
  "fields": {
    "action_time": "2020-10-02T11:20:04.969Z",
    "user": 1,
    "content_type": 15,
    "object_id": "2",
    "object_repr": "\u041c-\u0432\u0438\u0434\u0435\u043e",
    "action_flag": 1,
    "change_message": "[{\"added\": {}}]"
  }
},
{
  "model": "admin.logentry",
  "pk": 20,
  "fields": {
    "action_time": "2020-10-02T11:21:29.012Z",
    "user": 1,
    "content_type": 9,
    "object_id": "1",
    "object_repr": "\u042d\u043b\u0435\u043a\u0442\u0440\u043e\u043d\u0438\u043a\u0430",
    "action_flag": 1,
    "change_message": "[{\"added\": {}}]"
  }
},
{
  "model": "admin.logentry",
  "pk": 21,
  "fields": {
    "action_time": "2020-10-02T11:21:40.149Z",
    "user": 1,
    "content_type": 13,
    "object_id": "1",
    "object_repr": "\u0422\u0435\u043b\u0435\u0432\u0438\u0437\u043e\u0440",
    "action_flag": 1,
    "change_message": "[{\"added\": {}}]"
  }
},
{
  "model": "admin.logentry",
  "pk": 22,
  "fields": {
    "action_time": "2020-10-02T11:21:47.941Z",
    "user": 1,
    "content_type": 13,
    "object_id": "1",
    "object_repr": "\u0422\u0435\u043b\u0435\u0432\u0438\u0437\u043e\u0440",
    "action_flag": 2,
    "change_message": "[]"
  }
},
{
  "model": "admin.logentry",
  "pk": 23,
  "fields": {
    "action_time": "2020-10-02T11:22:01.919Z",
    "user": 1,
    "content_type": 13,
    "object_id": "2",
    "object_repr": "\u0425\u043e\u043b\u043e\u0434\u0438\u043b\u044c\u043d\u0438\u043a",
    "action_flag": 1,
    "change_message": "[{\"added\": {}}]"
  }
},
{
  "model": "admin.logentry",
  "pk": 24,
  "fields": {
    "action_time": "2020-10-02T11:22:17.724Z",
    "user": 1,
    "content_type": 13,
    "object_id": "3",
    "object_repr": "\u041d\u043e\u0443\u0442\u0431\u0443\u043a",
    "action_flag": 1,
    "change_message": "[{\"added\": {}}]"
  }
},
{
  "model": "admin.logentry",
  "pk": 25,
  "fields": {
    "action_time": "2020-10-02T11:23:18.598Z",
    "user": 1,
    "content_type": 8,
    "object_id": "8",
    "object_repr": "shop3@test.com",
    "action_flag": 1,
    "change_message": "[{\"added\": {}}]"
  }
},
{
  "model": "admin.logentry",
  "pk": 26,
  "fields": {
    "action_time": "2020-10-02T11:23:25.278Z",
    "user": 1,
    "content_type": 15,
    "object_id": "3",
    "object_repr": "\u0422\u0440\u0438\u043d\u0430\u0434\u0446\u0430\u0442\u043a\u0430",
    "action_flag": 1,
    "change_message": "[{\"added\": {}}]"
  }
},
{
  "model": "admin.logentry",
  "pk": 27,
  "fields": {
    "action_time": "2020-10-02T11:24:05.258Z",
    "user": 1,
    "content_type": 9,
    "object_id": "2",
    "object_repr": "\u041f\u0440\u043e\u0434\u0443\u043a\u0442\u044b",
    "action_flag": 1,
    "change_message": "[{\"added\": {}}]"
  }
},
{
  "model": "admin.logentry",
  "pk": 28,
  "fields": {
    "action_time": "2020-10-02T11:24:07.789Z",
    "user": 1,
    "content_type": 13,
    "object_id": "4",
    "object_repr": "\u041c\u0430\u043a\u0430\u0440\u043e\u043d\u044b",
    "action_flag": 1,
    "change_message": "[{\"added\": {}}]"
  }
},
{
  "model": "admin.logentry",
  "pk": 29,
  "fields": {
    "action_time": "2020-10-02T11:24:22.634Z",
    "user": 1,
    "content_type": 13,
    "object_id": "5",
    "object_repr": "\u0414\u043e\u0448\u0438\u0440\u0430\u043a",
    "action_flag": 1,
    "change_message": "[{\"added\": {}}]"
  }
},
{
  "model": "admin.logentry",
  "pk": 30,
  "fields": {
    "action_time": "2020-10-02T11:26:47.061Z",
    "user": 1,
    "content_type": 14,
    "object_id": "1",
    "object_repr": "ProductInfo object (1)",
    "action_flag": 1,
    "change_message": "[{\"added\": {}}]"
  }
},
{
  "model": "admin.logentry",
  "pk": 31,
  "fields": {
    "action_time": "2020-10-02T11:27:20.854Z",
    "user": 1,
    "content_type": 14,
    "object_id": "2",
    "object_repr": "ProductInfo object (2)",
    "action_flag": 1,
    "change_message": "[{\"added\": {}}]"
  }
},
{
  "model": "admin.logentry",
  "pk": 32,
  "fields": {
    "action_time": "2020-10-02T11:28:09.812Z",
    "user": 1,
    "content_type": 14,
    "object_id": "3",
    "object_repr": "ProductInfo object (3)",
    "action_flag": 1,
    "change_message": "[{\"added\": {}}]"
  }
},
{
  "model": "admin.logentry",
  "pk": 33,
  "fields": {
    "action_time": "2020-10-02T11:28:50.590Z",
    "user": 1,
    "content_type": 14,
    "object_id": "4",
    "object_repr": "ProductInfo object (4)",
    "action_flag": 1,
    "change_message": "[{\"added\": {}}]"
  }
},
{
  "model": "admin.logentry",
  "pk": 34,
  "fields": {
    "action_time": "2020-10-02T11:29:27.876Z",
    "user": 1,
    "content_type": 14,
    "object_id": "5",
    "object_repr": "ProductInfo object (5)",
    "action_flag": 1,
    "change_message": "[{\"added\": {}}]"
  }
},
{
  "model": "admin.logentry",
  "pk": 35,
  "fields": {
    "action_time": "2020-10-02T11:29:52.691Z",
    "user": 1,
    "content_type": 12,
    "object_id": "1",
    "object_repr": "\u0414\u0438\u0430\u0433\u043e\u043d\u0430\u043b\u044c",
    "action_flag": 1,
    "change_message": "[{\"added\": {}}]"
  }
},
{
  "model": "admin.logentry",
  "pk": 36,
  "fields": {
    "action_time": "2020-10-02T11:30:16.070Z",
    "user": 1,
    "content_type": 12,
    "object_id": "2",
    "object_repr": "\u0412\u0435\u0441",
    "action_flag": 1,
    "change_message": "[{\"added\": {}}]"
  }
},
{
  "model": "admin.logentry",
  "pk": 37,
  "fields": {
    "action_time": "2020-10-02T11:30:27.606Z",
    "user": 1,
    "content_type": 12,
    "object_id": "3",
    "object_repr": "\u041c\u0430\u0442\u0435\u0440\u0438\u0430\u043b",
    "action_flag": 1,
    "change_message": "[{\"added\": {}}]"
  }
},
{
  "model": "admin.logentry",
  "pk": 38,
  "fields": {
    "action_time": "2020-10-02T11:30:32.417Z",
    "user": 1,
    "content_type": 12,
    "object_id": "4",
    "object_repr": "\u0412\u043a\u0443\u0441",
    "action_flag": 1,
    "change_message": "[{\"added\": {}}]"
  }
},
{
  "model": "admin.logentry",
  "pk": 39,
  "fields": {
    "action_time": "2020-10-02T11:30:43.501Z",
    "user": 1,
    "content_type": 12,
    "object_id": "5",
    "object_repr": "\u0418\u0437\u0433\u043e\u0442\u043e\u0432\u0438\u0442\u0435\u043b\u044c",
    "action_flag": 1,
    "change_message": "[{\"added\": {}}]"
  }
},
{
  "model": "admin.logentry",
  "pk": 40,
  "fields": {
    "action_time": "2020-10-02T11:30:53.029Z",
    "user": 1,
    "content_type": 12,
    "object_id": "6",
    "object_repr": "\u0421\u0442\u0440\u0430\u043d\u0430",
    "action_flag": 1,
    "change_message": "[{\"added\": {}}]"
  }
},
{
  "model": "admin.logentry",
  "pk": 41,
  "fields": {
    "action_time": "2020-10-02T11:31:17.909Z",
    "user": 1,
    "content_type": 12,
    "object_id": "7",
    "object_repr": "\u0412\u0440\u0435\u043c\u044f \u0440\u0430\u0431\u043e\u0442\u044b \u043e\u0442 \u0431\u0430\u0442\u0430\u0440\u0435\u0438",
    "action_flag": 1,
    "change_message": "[{\"added\": {}}]"
  }
},
{
  "model": "admin.logentry",
  "pk": 42,
  "fields": {
    "action_time": "2020-10-02T11:31:25.251Z",
    "user": 1,
    "content_type": 12,
    "object_id": "8",
    "object_repr": "\u0412\u044b\u0441\u043e\u0442\u0430",
    "action_flag": 1,
    "change_message": "[{\"added\": {}}]"
  }
},
{
  "model": "admin.logentry",
  "pk": 43,
  "fields": {
    "action_time": "2020-10-02T11:31:32.389Z",
    "user": 1,
    "content_type": 12,
    "object_id": "9",
    "object_repr": "\u0428\u0438\u0440\u0438\u043d\u0430",
    "action_flag": 1,
    "change_message": "[{\"added\": {}}]"
  }
},
{
  "model": "admin.logentry",
  "pk": 44,
  "fields": {
    "action_time": "2020-10-02T11:31:40.610Z",
    "user": 1,
    "content_type": 12,
    "object_id": "10",
    "object_repr": "\u0422\u043e\u043b\u0449\u0438\u043d\u0430",
    "action_flag": 1,
    "change_message": "[{\"added\": {}}]"
  }
},
{
  "model": "admin.logentry",
  "pk": 45,
  "fields": {
    "action_time": "2020-10-02T11:39:04.985Z",
    "user": 1,
    "content_type": 13,
    "object_id": "2",
    "object_repr": "\u0425\u043e\u043b\u043e\u0434\u0438\u043b\u044c\u043d\u0438\u043a",
    "action_flag": 3,
    "change_message": ""
  }
},
{
  "model": "admin.logentry",
  "pk": 46,
  "fields": {
    "action_time": "2020-10-02T11:39:04.997Z",
    "user": 1,
    "content_type": 13,
    "object_id": "1",
    "object_repr": "\u0422\u0435\u043b\u0435\u0432\u0438\u0437\u043e\u0440",
    "action_flag": 3,
    "change_message": ""
  }
},
{
  "model": "admin.logentry",
  "pk": 47,
  "fields": {
    "action_time": "2020-10-02T11:39:05.005Z",
    "user": 1,
    "content_type": 13,
    "object_id": "3",
    "object_repr": "\u041d\u043e\u0443\u0442\u0431\u0443\u043a",
    "action_flag": 3,
    "change_message": ""
  }
},
{
  "model": "admin.logentry",
  "pk": 48,
  "fields": {
    "action_time": "2020-10-02T11:39:05.027Z",
    "user": 1,
    "content_type": 13,
    "object_id": "4",
    "object_repr": "\u041c\u0430\u043a\u0430\u0440\u043e\u043d\u044b",
    "action_flag": 3,
    "change_message": ""
  }
},
{
  "model": "admin.logentry",
  "pk": 49,
  "fields": {
    "action_time": "2020-10-02T11:39:05.034Z",
    "user": 1,
    "content_type": 13,
    "object_id": "5",
    "object_repr": "\u0414\u043e\u0448\u0438\u0440\u0430\u043a",
    "action_flag": 3,
    "change_message": ""
  }
},
{
  "model": "admin.logentry",
  "pk": 50,
  "fields": {
    "action_time": "2020-10-02T11:39:27.977Z",
    "user": 1,
    "content_type": 13,
    "object_id": "6",
    "object_repr": "Xiaomi mi notebook Pro \"15",
    "action_flag": 1,
    "change_message": "[{\"added\": {}}]"
  }
},
{
  "model": "admin.logentry",
  "pk": 51,
  "fields": {
    "action_time": "2020-10-02T11:39:41.069Z",
    "user": 1,
    "content_type": 13,
    "object_id": "7",
    "object_repr": "Aristone 12-25",
    "action_flag": 1,
    "change_message": "[{\"added\": {}}]"
  }
},
{
  "model": "admin.logentry",
  "pk": 52,
  "fields": {
    "action_time": "2020-10-02T11:39:54.862Z",
    "user": 1,
    "content_type": 13,
    "object_id": "8",
    "object_repr": "\u0414\u043e\u0448\u0438\u043a \u043e\u0442 \u0434\u0443\u0448\u0438",
    "action_flag": 1,
    "change_message": "[{\"added\": {}}]"
  }
},
{
  "model": "admin.logentry",
  "pk": 53,
  "fields": {
    "action_time": "2020-10-02T11:40:15.217Z",
    "user": 1,
    "content_type": 13,
    "object_id": "9",
    "object_repr": "Samsung AMOLED 234",
    "action_flag": 1,
    "change_message": "[{\"added\": {}}]"
  }
},
{
  "model": "admin.logentry",
  "pk": 54,
  "fields": {
    "action_time": "2020-10-02T11:40:26.451Z",
    "user": 1,
    "content_type": 13,
    "object_id": "10",
    "object_repr": "\u041c\u0430\u043a\u0444\u0430 \u0444\u0438\u0433\u0430\u043a\u0432\u0430",
    "action_flag": 1,
    "change_message": "[{\"added\": {}}]"
  }
},
{
  "model": "admin.logentry",
  "pk": 55,
  "fields": {
    "action_time": "2020-10-02T11:41:20.453Z",
    "user": 1,
    "content_type": 14,
    "object_id": "6",
    "object_repr": "\u041c\u0430\u043a\u0444\u0430 \u0444\u0438\u0433\u0430\u043a\u0432\u0430",
    "action_flag": 1,
    "change_message": "[{\"added\": {}}]"
  }
},
{
  "model": "admin.logentry",
  "pk": 56,
  "fields": {
    "action_time": "2020-10-02T11:41:45.559Z",
    "user": 1,
    "content_type": 14,
    "object_id": "7",
    "object_repr": "\u0414\u043e\u0448\u0438\u043a \u043e\u0442 \u0434\u0443\u0448\u0438",
    "action_flag": 1,
    "change_message": "[{\"added\": {}}]"
  }
},
{
  "model": "admin.logentry",
  "pk": 57,
  "fields": {
    "action_time": "2020-10-02T11:42:11.755Z",
    "user": 1,
    "content_type": 14,
    "object_id": "8",
    "object_repr": "Xiaomi mi notebook Pro \"15",
    "action_flag": 1,
    "change_message": "[{\"added\": {}}]"
  }
},
{
  "model": "admin.logentry",
  "pk": 58,
  "fields": {
    "action_time": "2020-10-02T11:42:40.707Z",
    "user": 1,
    "content_type": 14,
    "object_id": "9",
    "object_repr": "Samsung AMOLED 234",
    "action_flag": 1,
    "change_message": "[{\"added\": {}}]"
  }
},
{
  "model": "admin.logentry",
  "pk": 59,
  "fields": {
    "action_time": "2020-10-02T11:43:07.333Z",
    "user": 1,
    "content_type": 14,
    "object_id": "10",
    "object_repr": "Aristone 12-25",
    "action_flag": 1,
    "change_message": "[{\"added\": {}}]"
  }
},
{
  "model": "admin.logentry",
  "pk": 60,
  "fields": {
    "action_time": "2020-10-02T11:44:59.404Z",
    "user": 1,
    "content_type": 16,
    "object_id": "1",
    "object_repr": "ProductParameter object (1)",
    "action_flag": 1,
    "change_message": "[{\"added\": {}}]"
  }
},
{
  "model": "admin.logentry",
  "pk": 61,
  "fields": {
    "action_time": "2020-10-02T11:45:14.338Z",
    "user": 1,
    "content_type": 16,
    "object_id": "2",
    "object_repr": "ProductParameter object (2)",
    "action_flag": 1,
    "change_message": "[{\"added\": {}}]"
  }
},
{
  "model": "admin.logentry",
  "pk": 62,
  "fields": {
    "action_time": "2020-10-02T11:47:54.976Z",
    "user": 1,
    "content_type": 16,
    "object_id": "3",
    "object_repr": "ProductParameter object (3)",
    "action_flag": 1,
    "change_message": "[{\"added\": {}}]"
  }
},
{
  "model": "admin.logentry",
  "pk": 63,
  "fields": {
    "action_time": "2020-10-02T11:48:13.520Z",
    "user": 1,
    "content_type": 16,
    "object_id": "4",
    "object_repr": "ProductParameter object (4)",
    "action_flag": 1,
    "change_message": "[{\"added\": {}}]"
  }
},
{
  "model": "admin.logentry",
  "pk": 64,
  "fields": {
    "action_time": "2020-10-02T11:48:31.424Z",
    "user": 1,
    "content_type": 16,
    "object_id": "5",
    "object_repr": "ProductParameter object (5)",
    "action_flag": 1,
    "change_message": "[{\"added\": {}}]"
  }
},
{
  "model": "admin.logentry",
  "pk": 65,
  "fields": {
    "action_time": "2020-10-02T11:48:43.790Z",
    "user": 1,
    "content_type": 16,
    "object_id": "6",
    "object_repr": "ProductParameter object (6)",
    "action_flag": 1,
    "change_message": "[{\"added\": {}}]"
  }
},
{
  "model": "admin.logentry",
  "pk": 66,
  "fields": {
    "action_time": "2020-10-02T11:48:58.595Z",
    "user": 1,
    "content_type": 16,
    "object_id": "7",
    "object_repr": "ProductParameter object (7)",
    "action_flag": 1,
    "change_message": "[{\"added\": {}}]"
  }
},
{
  "model": "admin.logentry",
  "pk": 67,
  "fields": {
    "action_time": "2020-10-02T11:49:16.122Z",
    "user": 1,
    "content_type": 16,
    "object_id": "8",
    "object_repr": "ProductParameter object (8)",
    "action_flag": 1,
    "change_message": "[{\"added\": {}}]"
  }
},
{
  "model": "admin.logentry",
  "pk": 68,
  "fields": {
    "action_time": "2020-10-02T12:27:37.830Z",
    "user": 1,
    "content_type": 8,
    "object_id": "8",
    "object_repr": "shop3@test.com",
    "action_flag": 2,
    "change_message": "[{\"changed\": {\"fields\": [\"is_active\"]}}]"
  }
}
]
